USE GDA_PREVIA_PARCIAL;

-- ============================================
-- CLIENTES
-- ============================================
INSERT INTO CLIENTES (tipo_doc, nro_doc, Apell, Nom, Fech_Nac)
VALUES
    ('DNI', 1, 'Perez', 'Juan', '1990-01-01'),
    ('DNI', 2, 'Gomez', 'Maria', '1980-05-15'),
    ('DNI', 3, 'Lopez', 'Carlos', '1995-10-20'),
    ('DNI', 4, 'Diaz', 'Ana', '2000-03-10'),
    ('DNI', 5, 'Fernandez', 'Luis', '1985-12-05');

-- ============================================
-- VENTAS
-- ============================================
INSERT INTO VENTAS (Nro_factura, Fecha, tipo_doc, Nro_doc)
VALUES
    (1001, '2026-01-10', 'DNI', 3),
    (1002, '2026-01-15', 'DNI', 3),
    (1003, '2026-01-20', 'DNI', 4),
    (1004, '2026-02-10', 'DNI', 4),
    (1005, '2026-02-15', 'DNI', 4),
    (1006, '2026-02-20', 'DNI', 3),
    (1007, '2025-10-10', 'DNI', 2),
    (1008, '2026-06-01', 'DNI', 3),
    (1009, '2026-06-05', 'DNI', 3),
    (1010, '2026-06-10', 'DNI', 3),
    (1011, '2026-06-15', 'DNI', 5);

-- ============================================
-- ARTICULOS
-- ============================================
INSERT INTO Articulos (Cod, nombre, precio)
VALUES
    ('101', 'Lapiz', 1.50),
    ('102', 'Cuaderno', 5.00),
    ('103', 'Goma', 0.50);

-- ============================================
-- DETALLE
-- ============================================
INSERT INTO DETALLE (Nro_Factura, Cod_Articulo, cant, precio)
VALUES
    (1001, '101', 2, 1.50),
    (1002, '102', 1, 5.00),
    (1003, '103', 3, 0.50),
    (1004, '101', 1, 1.50),
    (1005, '102', 2, 5.00),
    (1006, '101', 5, 1.50),
    (1007, '103', 10, 0.50),
    (1008, '102', 1, 5.00),
    (1009, '101', 1, 1.50),
    (1010, '101', 1, 1.50),
    (1011, '103', 1, 0.50);
